개정차수,마이크로디그리명,이수 학점,소속 대학명,소속 학과,성명,학번,학년,과목명1,학점1,과목명2,학점2,과목명3,학점3,과목명4,학점4
1,K-Culture콘텐츠개발실습,9,건국대,컴퓨터공학과,강감찬,201911205,3,K-콘텐츠(한류)의이해,3,디지털스토리텔링실습,3,대중예술콘텐츠창작실습,3,
4,XR입출력기술,12,건국대,컴퓨터공학과,강감찬,201911205,3,고급컴퓨터그래픽스,3,풀스택서비스네트워킹,3,가상현실,3,디지털영상처리,3,XR기술PBL,3,
4,XR콘텐츠디자인,9,건국대,컴퓨터공학과,강감찬,201911205,3,가상현실(360VR)영상제작,3,이머시브전시디자인,3,XR콘텐츠디자인워크숍,3,
1,K-Culture콘텐츠개발실습,9,건국대,컴퓨터공학과,강좌칠현임춘,201911205,3,K-콘텐츠(한류)의이해,3,디지털스토리텔링실습,3,대중예술콘텐츠창작실습,3,
4,XR입출력기술,12,건국대,컴퓨터공학과,강좌칠현임춘,201911205,3,고급컴퓨터그래픽스,3,풀스택서비스네트워킹,3,가상현실,3,디지털영상처리,3,XR기술PBL,3,
4,XR콘텐츠디자인,9,건국대,컴퓨터공학과,강좌칠현임춘,201911205,3,가상현실(360VR)영상제작,3,이머시브전시디자인,3,XR콘텐츠디자인워크숍,3,
1,K-Culture콘텐츠개발실습,9,건국대,컴퓨터공학과,계백,201911205,3,K-콘텐츠(한류)의이해,3,디지털스토리텔링실습,3,대중예술콘텐츠창작실습,3,
4,XR입출력기술,12,건국대,컴퓨터공학과,계백,201911205,3,고급컴퓨터그래픽스,3,풀스택서비스네트워킹,3,가상현실,3,디지털영상처리,3,XR기술PBL,3,
4,XR콘텐츠디자인,9,건국대,컴퓨터공학과,계백,201911205,3,가상현실(360VR)영상제작,3,이머시브전시디자인,3,XR콘텐츠디자인워크숍,3,
1,K-Culture콘텐츠개발실습,9,건국대,컴퓨터공학과,곽재우,201911205,3,K-콘텐츠(한류)의이해,3,디지털스토리텔링실습,3,대중예술콘텐츠창작실습,3,
4,XR입출력기술,12,건국대,컴퓨터공학과,곽재우,201911205,3,고급컴퓨터그래픽스,3,풀스택서비스네트워킹,3,가상현실,3,디지털영상처리,3,XR기술PBL,3,
4,XR콘텐츠디자인,9,건국대,컴퓨터공학과,곽재우,201911205,3,가상현실(360VR)영상제작,3,이머시브전시디자인,3,XR콘텐츠디자인워크숍,3,
1,K-Culture콘텐츠개발실습,9,건국대,컴퓨터공학과,관창,201911205,3,K-콘텐츠(한류)의이해,3,디지털스토리텔링실습,3,대중예술콘텐츠창작실습,3,
4,XR입출력기술,12,건국대,컴퓨터공학과,관창,201911205,3,고급컴퓨터그래픽스,3,풀스택서비스네트워킹,3,가상현실,3,디지털영상처리,3,XR기술PBL,3,
4,XR콘텐츠디자인,9,건국대,컴퓨터공학과,관창,201911205,3,가상현실(360VR)영상제작,3,이머시브전시디자인,3,XR콘텐츠디자인워크숍,3,
1,K-Culture콘텐츠개발실습,9,건국대,컴퓨터공학과,광개토대왕,201911205,3,K-콘텐츠(한류)의이해,3,디지털스토리텔링실습,3,대중예술콘텐츠창작실습,3,
4,XR입출력기술,12,건국대,컴퓨터공학과,광개토대왕,201911205,3,고급컴퓨터그래픽스,3,풀스택서비스네트워킹,3,가상현실,3,디지털영상처리,3,XR기술PBL,3,
4,XR콘텐츠디자인,9,건국대,컴퓨터공학과,광개토대왕,201911205,3,가상현실(360VR)영상제작,3,이머시브전시디자인,3,XR콘텐츠디자인워크숍,3,
1,K-Culture콘텐츠개발실습,9,건국대,컴퓨터공학과,권율,201911205,3,K-콘텐츠(한류)의이해,3,디지털스토리텔링실습,3,대중예술콘텐츠창작실습,3,
4,XR입출력기술,12,건국대,컴퓨터공학과,권율,201911205,3,고급컴퓨터그래픽스,3,풀스택서비스네트워킹,3,가상현실,3,디지털영상처리,3,XR기술PBL,3,
4,XR콘텐츠디자인,9,건국대,컴퓨터공학과,권율,201911205,3,가상현실(360VR)영상제작,3,이머시브전시디자인,3,XR콘텐츠디자인워크숍,3,
1,K-Culture콘텐츠개발실습,9,건국대,컴퓨터공학과,김대건,201911205,3,K-콘텐츠(한류)의이해,3,디지털스토리텔링실습,3,대중예술콘텐츠창작실습,3,
4,XR입출력기술,12,건국대,컴퓨터공학과,김대건,201911205,3,고급컴퓨터그래픽스,3,풀스택서비스네트워킹,3,가상현실,3,디지털영상처리,3,XR기술PBL,3,
4,XR콘텐츠디자인,9,건국대,컴퓨터공학과,김대건,201911205,3,가상현실(360VR)영상제작,3,이머시브전시디자인,3,XR콘텐츠디자인워크숍,3,
1,K-Culture콘텐츠개발실습,9,건국대,컴퓨터공학과,김부식,201911205,3,K-콘텐츠(한류)의이해,3,디지털스토리텔링실습,3,대중예술콘텐츠창작실습,3,
4,XR입출력기술,12,건국대,컴퓨터공학과,김부식,201911205,3,고급컴퓨터그래픽스,3,풀스택서비스네트워킹,3,가상현실,3,디지털영상처리,3,XR기술PBL,3,
4,XR콘텐츠디자인,9,건국대,컴퓨터공학과,김부식,201911205,3,가상현실(360VR)영상제작,3,이머시브전시디자인,3,XR콘텐츠디자인워크숍,3,
1,K-Culture콘텐츠개발실습,9,건국대,컴퓨터공학과,김삿갓,201911205,3,K-콘텐츠(한류)의이해,3,디지털스토리텔링실습,3,대중예술콘텐츠창작실습,3,
4,XR입출력기술,12,건국대,컴퓨터공학과,김삿갓,201911205,3,고급컴퓨터그래픽스,3,풀스택서비스네트워킹,3,가상현실,3,디지털영상처리,3,XR기술PBL,3,
4,XR콘텐츠디자인,9,건국대,컴퓨터공학과,김삿갓,201911205,3,가상현실(360VR)영상제작,3,이머시브전시디자인,3,XR콘텐츠디자인워크숍,3,
1,K-Culture콘텐츠개발실습,9,건국대,컴퓨터공학과,김시민,201911205,3,K-콘텐츠(한류)의이해,3,디지털스토리텔링실습,3,대중예술콘텐츠창작실습,3,
4,XR입출력기술,12,건국대,컴퓨터공학과,김시민,201911205,3,고급컴퓨터그래픽스,3,풀스택서비스네트워킹,3,가상현실,3,디지털영상처리,3,XR기술PBL,3,
4,XR콘텐츠디자인,9,건국대,컴퓨터공학과,김시민,201911205,3,가상현실(360VR)영상제작,3,이머시브전시디자인,3,XR콘텐츠디자인워크숍,3,
1,K-Culture콘텐츠개발실습,9,건국대,컴퓨터공학과,김시습,201911205,3,K-콘텐츠(한류)의이해,3,디지털스토리텔링실습,3,대중예술콘텐츠창작실습,3,
4,XR입출력기술,12,건국대,컴퓨터공학과,김시습,201911205,3,고급컴퓨터그래픽스,3,풀스택서비스네트워킹,3,가상현실,3,디지털영상처리,3,XR기술PBL,3,
4,XR콘텐츠디자인,9,건국대,컴퓨터공학과,김시습,201911205,3,가상현실(360VR)영상제작,3,이머시브전시디자인,3,XR콘텐츠디자인워크숍,3,
1,K-Culture콘텐츠개발실습,9,건국대,컴퓨터공학과,김옥균,201911205,3,K-콘텐츠(한류)의이해,3,디지털스토리텔링실습,3,대중예술콘텐츠창작실습,3,
4,XR입출력기술,12,건국대,컴퓨터공학과,김옥균,201911205,3,고급컴퓨터그래픽스,3,풀스택서비스네트워킹,3,가상현실,3,디지털영상처리,3,XR기술PBL,3,
4,XR콘텐츠디자인,9,건국대,컴퓨터공학과,김옥균,201911205,3,가상현실(360VR)영상제작,3,이머시브전시디자인,3,XR콘텐츠디자인워크숍,3,
1,K-Culture콘텐츠개발실습,9,건국대,컴퓨터공학과,김유신,201911205,3,K-콘텐츠(한류)의이해,3,디지털스토리텔링실습,3,대중예술콘텐츠창작실습,3,
4,XR입출력기술,12,건국대,컴퓨터공학과,김유신,201911205,3,고급컴퓨터그래픽스,3,풀스택서비스네트워킹,3,가상현실,3,디지털영상처리,3,XR기술PBL,3,
4,XR콘텐츠디자인,9,건국대,컴퓨터공학과,김유신,201911205,3,가상현실(360VR)영상제작,3,이머시브전시디자인,3,XR콘텐츠디자인워크숍,3,
1,K-Culture콘텐츠개발실습,9,건국대,컴퓨터공학과,김정호,201911205,3,K-콘텐츠(한류)의이해,3,디지털스토리텔링실습,3,대중예술콘텐츠창작실습,3,
4,XR입출력기술,12,건국대,컴퓨터공학과,김정호,201911205,3,고급컴퓨터그래픽스,3,풀스택서비스네트워킹,3,가상현실,3,디지털영상처리,3,XR기술PBL,3,
4,XR콘텐츠디자인,9,건국대,컴퓨터공학과,김정호,201911205,3,가상현실(360VR)영상제작,3,이머시브전시디자인,3,XR콘텐츠디자인워크숍,3,
4,XR입출력기술,12,건국대,컴퓨터공학과,김철수,201911205,3,고급컴퓨터그래픽스,3,풀스택서비스네트워킹,3,가상현실,3,영상처리,3,XR기술PBL,3,
1,K-Culture콘텐츠개발실습,9,건국대,컴퓨터공학과,김홍도,201911205,3,K-콘텐츠(한류)의이해,3,디지털스토리텔링실습,3,대중예술콘텐츠창작실습,3,
4,XR입출력기술,12,건국대,컴퓨터공학과,김홍도,201911205,3,고급컴퓨터그래픽스,3,풀스택서비스네트워킹,3,가상현실,3,디지털영상처리,3,XR기술PBL,3,
4,XR콘텐츠디자인,9,건국대,컴퓨터공학과,김홍도,201911205,3,가상현실(360VR)영상제작,3,이머시브전시디자인,3,XR콘텐츠디자인워크숍,3,
1,K-Culture콘텐츠개발실습,9,건국대,컴퓨터공학과,남효온,201911205,3,K-콘텐츠(한류)의이해,3,디지털스토리텔링실습,3,대중예술콘텐츠창작실습,3,
4,XR입출력기술,12,건국대,컴퓨터공학과,남효온,201911205,3,고급컴퓨터그래픽스,3,풀스택서비스네트워킹,3,가상현실,3,디지털영상처리,3,XR기술PBL,3,
4,XR콘텐츠디자인,9,건국대,컴퓨터공학과,남효온,201911205,3,가상현실(360VR)영상제작,3,이머시브전시디자인,3,XR콘텐츠디자인워크숍,3,
1,K-Culture콘텐츠개발실습,9,건국대,컴퓨터공학과,논개,201911205,3,K-콘텐츠(한류)의이해,3,디지털스토리텔링실습,3,대중예술콘텐츠창작실습,3,
4,XR입출력기술,12,건국대,컴퓨터공학과,논개,201911205,3,고급컴퓨터그래픽스,3,풀스택서비스네트워킹,3,가상현실,3,디지털영상처리,3,XR기술PBL,3,
4,XR콘텐츠디자인,9,건국대,컴퓨터공학과,논개,201911205,3,가상현실(360VR)영상제작,3,이머시브전시디자인,3,XR콘텐츠디자인워크숍,3,
1,K-Culture콘텐츠개발실습,9,건국대,컴퓨터공학과,단군,201911205,3,K-콘텐츠(한류)의이해,3,디지털스토리텔링실습,3,대중예술콘텐츠창작실습,3,
4,XR입출력기술,12,건국대,컴퓨터공학과,단군,201911205,3,고급컴퓨터그래픽스,3,풀스택서비스네트워킹,3,가상현실,3,디지털영상처리,3,XR기술PBL,3,
4,XR콘텐츠디자인,9,건국대,컴퓨터공학과,단군,201911205,3,가상현실(360VR)영상제작,3,이머시브전시디자인,3,XR콘텐츠디자인워크숍,3,
1,K-Culture콘텐츠개발실습,9,건국대,컴퓨터공학과,단종,201911205,3,K-콘텐츠(한류)의이해,3,디지털스토리텔링실습,3,대중예술콘텐츠창작실습,3,
4,XR입출력기술,12,건국대,컴퓨터공학과,단종,201911205,3,고급컴퓨터그래픽스,3,풀스택서비스네트워킹,3,가상현실,3,디지털영상처리,3,XR기술PBL,3,
4,XR콘텐츠디자인,9,건국대,컴퓨터공학과,단종,201911205,3,가상현실(360VR)영상제작,3,이머시브전시디자인,3,XR콘텐츠디자인워크숍,3,
1,K-Culture콘텐츠개발실습,9,건국대,컴퓨터공학과,동명성왕,201911205,3,K-콘텐츠(한류)의이해,3,디지털스토리텔링실습,3,대중예술콘텐츠창작실습,3,
4,XR입출력기술,12,건국대,컴퓨터공학과,동명성왕,201911205,3,고급컴퓨터그래픽스,3,풀스택서비스네트워킹,3,가상현실,3,디지털영상처리,3,XR기술PBL,3,
4,XR콘텐츠디자인,9,건국대,컴퓨터공학과,동명성왕,201911205,3,가상현실(360VR)영상제작,3,이머시브전시디자인,3,XR콘텐츠디자인워크숍,3,
1,K-Culture콘텐츠개발실습,9,건국대,컴퓨터공학과,맹사성,201911205,3,K-콘텐츠(한류)의이해,3,디지털스토리텔링실습,3,대중예술콘텐츠창작실습,3,
4,XR입출력기술,12,건국대,컴퓨터공학과,맹사성,201911205,3,고급컴퓨터그래픽스,3,풀스택서비스네트워킹,3,가상현실,3,디지털영상처리,3,XR기술PBL,3,
4,XR콘텐츠디자인,9,건국대,컴퓨터공학과,맹사성,201911205,3,가상현실(360VR)영상제작,3,이머시브전시디자인,3,XR콘텐츠디자인워크숍,3,
1,K-Culture콘텐츠개발실습,9,건국대,컴퓨터공학과,문무왕,201911205,3,K-콘텐츠(한류)의이해,3,디지털스토리텔링실습,3,대중예술콘텐츠창작실습,3,
4,XR입출력기술,12,건국대,컴퓨터공학과,문무왕,201911205,3,고급컴퓨터그래픽스,3,풀스택서비스네트워킹,3,가상현실,3,디지털영상처리,3,XR기술PBL,3,
4,XR콘텐츠디자인,9,건국대,컴퓨터공학과,문무왕,201911205,3,가상현실(360VR)영상제작,3,이머시브전시디자인,3,XR콘텐츠디자인워크숍,3,
1,K-Culture콘텐츠개발실습,9,건국대,컴퓨터공학과,문익점,201911205,3,K-콘텐츠(한류)의이해,3,디지털스토리텔링실습,3,대중예술콘텐츠창작실습,3,
4,XR입출력기술,12,건국대,컴퓨터공학과,문익점,201911205,3,고급컴퓨터그래픽스,3,풀스택서비스네트워킹,3,가상현실,3,디지털영상처리,3,XR기술PBL,3,
4,XR콘텐츠디자인,9,건국대,컴퓨터공학과,문익점,201911205,3,가상현실(360VR)영상제작,3,이머시브전시디자인,3,XR콘텐츠디자인워크숍,3,
1,K-Culture콘텐츠개발실습,9,건국대,컴퓨터공학과,문종,201911205,3,K-콘텐츠(한류)의이해,3,디지털스토리텔링실습,3,대중예술콘텐츠창작실습,3,
4,XR입출력기술,12,건국대,컴퓨터공학과,문종,201911205,3,고급컴퓨터그래픽스,3,풀스택서비스네트워킹,3,가상현실,3,디지털영상처리,3,XR기술PBL,3,
4,XR콘텐츠디자인,9,건국대,컴퓨터공학과,문종,201911205,3,가상현실(360VR)영상제작,3,이머시브전시디자인,3,XR콘텐츠디자인워크숍,3,
1,K-Culture콘텐츠개발실습,9,건국대,컴퓨터공학과,박문수,201911205,3,K-콘텐츠(한류)의이해,3,디지털스토리텔링실습,3,대중예술콘텐츠창작실습,3,
4,XR입출력기술,12,건국대,컴퓨터공학과,박문수,201911205,3,고급컴퓨터그래픽스,3,풀스택서비스네트워킹,3,가상현실,3,디지털영상처리,3,XR기술PBL,3,
4,XR콘텐츠디자인,9,건국대,컴퓨터공학과,박문수,201911205,3,가상현실(360VR)영상제작,3,이머시브전시디자인,3,XR콘텐츠디자인워크숍,3,
1,K-Culture콘텐츠개발실습,9,건국대,컴퓨터공학과,박팽년,201911205,3,K-콘텐츠(한류)의이해,3,디지털스토리텔링실습,3,대중예술콘텐츠창작실습,3,
4,XR입출력기술,12,건국대,컴퓨터공학과,박팽년,201911205,3,고급컴퓨터그래픽스,3,풀스택서비스네트워킹,3,가상현실,3,디지털영상처리,3,XR기술PBL,3,
4,XR콘텐츠디자인,9,건국대,컴퓨터공학과,박팽년,201911205,3,가상현실(360VR)영상제작,3,이머시브전시디자인,3,XR콘텐츠디자인워크숍,3,
1,K-Culture콘텐츠개발실습,9,건국대,컴퓨터공학과,방정환,201911205,3,K-콘텐츠(한류)의이해,3,디지털스토리텔링실습,3,대중예술콘텐츠창작실습,3,
4,XR입출력기술,12,건국대,컴퓨터공학과,방정환,201911205,3,고급컴퓨터그래픽스,3,풀스택서비스네트워킹,3,가상현실,3,디지털영상처리,3,XR기술PBL,3,
4,XR콘텐츠디자인,9,건국대,컴퓨터공학과,방정환,201911205,3,가상현실(360VR)영상제작,3,이머시브전시디자인,3,XR콘텐츠디자인워크숍,3,
1,K-Culture콘텐츠개발실습,9,건국대,컴퓨터공학과,사육신,201911205,3,K-콘텐츠(한류)의이해,3,디지털스토리텔링실습,3,대중예술콘텐츠창작실습,3,
4,XR입출력기술,12,건국대,컴퓨터공학과,사육신,201911205,3,고급컴퓨터그래픽스,3,풀스택서비스네트워킹,3,가상현실,3,디지털영상처리,3,XR기술PBL,3,
4,XR콘텐츠디자인,9,건국대,컴퓨터공학과,사육신,201911205,3,가상현실(360VR)영상제작,3,이머시브전시디자인,3,XR콘텐츠디자인워크숍,3,
1,K-Culture콘텐츠개발실습,9,건국대,컴퓨터공학과,삼학사,201911205,3,K-콘텐츠(한류)의이해,3,디지털스토리텔링실습,3,대중예술콘텐츠창작실습,3,
4,XR입출력기술,12,건국대,컴퓨터공학과,삼학사,201911205,3,고급컴퓨터그래픽스,3,풀스택서비스네트워킹,3,가상현실,3,디지털영상처리,3,XR기술PBL,3,
4,XR콘텐츠디자인,9,건국대,컴퓨터공학과,삼학사,201911205,3,가상현실(360VR)영상제작,3,이머시브전시디자인,3,XR콘텐츠디자인워크숍,3,
1,K-Culture콘텐츠개발실습,9,건국대,컴퓨터공학과,생육신,201911205,3,K-콘텐츠(한류)의이해,3,디지털스토리텔링실습,3,대중예술콘텐츠창작실습,3,
4,XR입출력기술,12,건국대,컴퓨터공학과,생육신,201911205,3,고급컴퓨터그래픽스,3,풀스택서비스네트워킹,3,가상현실,3,디지털영상처리,3,XR기술PBL,3,
4,XR콘텐츠디자인,9,건국대,컴퓨터공학과,생육신,201911205,3,가상현실(360VR)영상제작,3,이머시브전시디자인,3,XR콘텐츠디자인워크숍,3,
1,K-Culture콘텐츠개발실습,9,건국대,컴퓨터공학과,서희,201911205,3,K-콘텐츠(한류)의이해,3,디지털스토리텔링실습,3,대중예술콘텐츠창작실습,3,
4,XR입출력기술,12,건국대,컴퓨터공학과,서희,201911205,3,고급컴퓨터그래픽스,3,풀스택서비스네트워킹,3,가상현실,3,디지털영상처리,3,XR기술PBL,3,
4,XR콘텐츠디자인,9,건국대,컴퓨터공학과,서희,201911205,3,가상현실(360VR)영상제작,3,이머시브전시디자인,3,XR콘텐츠디자인워크숍,3,
1,K-Culture콘텐츠개발실습,9,건국대,컴퓨터공학과,선생,201911205,3,K-콘텐츠(한류)의이해,3,디지털스토리텔링실습,3,대중예술콘텐츠창작실습,3,
4,XR입출력기술,12,건국대,컴퓨터공학과,선생,201911205,3,고급컴퓨터그래픽스,3,풀스택서비스네트워킹,3,가상현실,3,디지털영상처리,3,XR기술PBL,3,
4,XR콘텐츠디자인,9,건국대,컴퓨터공학과,선생,201911205,3,가상현실(360VR)영상제작,3,이머시브전시디자인,3,XR콘텐츠디자인워크숍,3,
1,K-Culture콘텐츠개발실습,9,건국대,컴퓨터공학과,성담수,201911205,3,K-콘텐츠(한류)의이해,3,디지털스토리텔링실습,3,대중예술콘텐츠창작실습,3,
4,XR입출력기술,12,건국대,컴퓨터공학과,성담수,201911205,3,고급컴퓨터그래픽스,3,풀스택서비스네트워킹,3,가상현실,3,디지털영상처리,3,XR기술PBL,3,
4,XR콘텐츠디자인,9,건국대,컴퓨터공학과,성담수,201911205,3,가상현실(360VR)영상제작,3,이머시브전시디자인,3,XR콘텐츠디자인워크숍,3,
1,K-Culture콘텐츠개발실습,9,건국대,컴퓨터공학과,성삼문,201911205,3,K-콘텐츠(한류)의이해,3,디지털스토리텔링실습,3,대중예술콘텐츠창작실습,3,
4,XR입출력기술,12,건국대,컴퓨터공학과,성삼문,201911205,3,고급컴퓨터그래픽스,3,풀스택서비스네트워킹,3,가상현실,3,디지털영상처리,3,XR기술PBL,3,
4,XR콘텐츠디자인,9,건국대,컴퓨터공학과,성삼문,201911205,3,가상현실(360VR)영상제작,3,이머시브전시디자인,3,XR콘텐츠디자인워크숍,3,
1,K-Culture콘텐츠개발실습,9,건국대,컴퓨터공학과,세조,201911205,3,K-콘텐츠(한류)의이해,3,디지털스토리텔링실습,3,대중예술콘텐츠창작실습,3,
4,XR입출력기술,12,건국대,컴퓨터공학과,세조,201911205,3,고급컴퓨터그래픽스,3,풀스택서비스네트워킹,3,가상현실,3,디지털영상처리,3,XR기술PBL,3,
4,XR콘텐츠디자인,9,건국대,컴퓨터공학과,세조,201911205,3,가상현실(360VR)영상제작,3,이머시브전시디자인,3,XR콘텐츠디자인워크숍,3,
1,K-Culture콘텐츠개발실습,9,건국대,컴퓨터공학과,세종,201911205,3,K-콘텐츠(한류)의이해,3,디지털스토리텔링실습,3,대중예술콘텐츠창작실습,3,
4,XR입출력기술,12,건국대,컴퓨터공학과,세종,201911205,3,고급컴퓨터그래픽스,3,풀스택서비스네트워킹,3,가상현실,3,디지털영상처리,3,XR기술PBL,3,
4,XR콘텐츠디자인,9,건국대,컴퓨터공학과,세종,201911205,3,가상현실(360VR)영상제작,3,이머시브전시디자인,3,XR콘텐츠디자인워크숍,3,
1,K-Culture콘텐츠개발실습,9,건국대,컴퓨터공학과,손병희,201911205,3,K-콘텐츠(한류)의이해,3,디지털스토리텔링실습,3,대중예술콘텐츠창작실습,3,
4,XR입출력기술,12,건국대,컴퓨터공학과,손병희,201911205,3,고급컴퓨터그래픽스,3,풀스택서비스네트워킹,3,가상현실,3,디지털영상처리,3,XR기술PBL,3,
4,XR콘텐츠디자인,9,건국대,컴퓨터공학과,손병희,201911205,3,가상현실(360VR)영상제작,3,이머시브전시디자인,3,XR콘텐츠디자인워크숍,3,
1,K-Culture콘텐츠개발실습,9,건국대,컴퓨터공학과,신사임당,201911205,3,K-콘텐츠(한류)의이해,3,디지털스토리텔링실습,3,대중예술콘텐츠창작실습,3,
4,XR입출력기술,12,건국대,컴퓨터공학과,신사임당,201911205,3,고급컴퓨터그래픽스,3,풀스택서비스네트워킹,3,가상현실,3,디지털영상처리,3,XR기술PBL,3,
4,XR콘텐츠디자인,9,건국대,컴퓨터공학과,신사임당,201911205,3,가상현실(360VR)영상제작,3,이머시브전시디자인,3,XR콘텐츠디자인워크숍,3,
1,K-Culture콘텐츠개발실습,9,건국대,컴퓨터공학과,신숙주,201911205,3,K-콘텐츠(한류)의이해,3,디지털스토리텔링실습,3,대중예술콘텐츠창작실습,3,
4,XR입출력기술,12,건국대,컴퓨터공학과,신숙주,201911205,3,고급컴퓨터그래픽스,3,풀스택서비스네트워킹,3,가상현실,3,디지털영상처리,3,XR기술PBL,3,
4,XR콘텐츠디자인,9,건국대,컴퓨터공학과,신숙주,201911205,3,가상현실(360VR)영상제작,3,이머시브전시디자인,3,XR콘텐츠디자인워크숍,3,
1,K-Culture콘텐츠개발실습,9,건국대,컴퓨터공학과,심순애,201911205,3,K-콘텐츠(한류)의이해,3,디지털스토리텔링실습,3,대중예술콘텐츠창작실습,3,
4,XR입출력기술,12,건국대,컴퓨터공학과,심순애,201911205,3,고급컴퓨터그래픽스,3,풀스택서비스네트워킹,3,가상현실,3,디지털영상처리,3,XR기술PBL,3,
4,XR콘텐츠디자인,9,건국대,컴퓨터공학과,심순애,201911205,3,가상현실(360VR)영상제작,3,이머시브전시디자인,3,XR콘텐츠디자인워크숍,3,
1,K-Culture콘텐츠개발실습,9,건국대,컴퓨터공학과,안중근,201911205,3,K-콘텐츠(한류)의이해,3,디지털스토리텔링실습,3,대중예술콘텐츠창작실습,3,
4,XR입출력기술,12,건국대,컴퓨터공학과,안중근,201911205,3,고급컴퓨터그래픽스,3,풀스택서비스네트워킹,3,가상현실,3,디지털영상처리,3,XR기술PBL,3,
4,XR콘텐츠디자인,9,건국대,컴퓨터공학과,안중근,201911205,3,가상현실(360VR)영상제작,3,이머시브전시디자인,3,XR콘텐츠디자인워크숍,3,
1,K-Culture콘텐츠개발실습,9,건국대,컴퓨터공학과,안창호,201911205,3,K-콘텐츠(한류)의이해,3,디지털스토리텔링실습,3,대중예술콘텐츠창작실습,3,
4,XR입출력기술,12,건국대,컴퓨터공학과,안창호,201911205,3,고급컴퓨터그래픽스,3,풀스택서비스네트워킹,3,가상현실,3,디지털영상처리,3,XR기술PBL,3,
4,XR콘텐츠디자인,9,건국대,컴퓨터공학과,안창호,201911205,3,가상현실(360VR)영상제작,3,이머시브전시디자인,3,XR콘텐츠디자인워크숍,3,
1,K-Culture콘텐츠개발실습,9,건국대,컴퓨터공학과,영조,201911205,3,K-콘텐츠(한류)의이해,3,디지털스토리텔링실습,3,대중예술콘텐츠창작실습,3,
4,XR입출력기술,12,건국대,컴퓨터공학과,영조,201911205,3,고급컴퓨터그래픽스,3,풀스택서비스네트워킹,3,가상현실,3,디지털영상처리,3,XR기술PBL,3,
4,XR콘텐츠디자인,9,건국대,컴퓨터공학과,영조,201911205,3,가상현실(360VR)영상제작,3,이머시브전시디자인,3,XR콘텐츠디자인워크숍,3,
1,K-Culture콘텐츠개발실습,9,건국대,컴퓨터공학과,오달제,201911205,3,K-콘텐츠(한류)의이해,3,디지털스토리텔링실습,3,대중예술콘텐츠창작실습,3,
4,XR입출력기술,12,건국대,컴퓨터공학과,오달제,201911205,3,고급컴퓨터그래픽스,3,풀스택서비스네트워킹,3,가상현실,3,디지털영상처리,3,XR기술PBL,3,
4,XR콘텐츠디자인,9,건국대,컴퓨터공학과,오달제,201911205,3,가상현실(360VR)영상제작,3,이머시브전시디자인,3,XR콘텐츠디자인워크숍,3,
1,K-Culture콘텐츠개발실습,9,건국대,컴퓨터공학과,오세재,201911205,3,K-콘텐츠(한류)의이해,3,디지털스토리텔링실습,3,대중예술콘텐츠창작실습,3,
4,XR입출력기술,12,건국대,컴퓨터공학과,오세재,201911205,3,고급컴퓨터그래픽스,3,풀스택서비스네트워킹,3,가상현실,3,디지털영상처리,3,XR기술PBL,3,
4,XR콘텐츠디자인,9,건국대,컴퓨터공학과,오세재,201911205,3,가상현실(360VR)영상제작,3,이머시브전시디자인,3,XR콘텐츠디자인워크숍,3,
1,K-Culture콘텐츠개발실습,9,건국대,컴퓨터공학과,온조왕,201911205,3,K-콘텐츠(한류)의이해,3,디지털스토리텔링실습,3,대중예술콘텐츠창작실습,3,
4,XR입출력기술,12,건국대,컴퓨터공학과,온조왕,201911205,3,고급컴퓨터그래픽스,3,풀스택서비스네트워킹,3,가상현실,3,디지털영상처리,3,XR기술PBL,3,
4,XR콘텐츠디자인,9,건국대,컴퓨터공학과,온조왕,201911205,3,가상현실(360VR)영상제작,3,이머시브전시디자인,3,XR콘텐츠디자인워크숍,3,
1,K-Culture콘텐츠개발실습,9,건국대,컴퓨터공학과,원호,201911205,3,K-콘텐츠(한류)의이해,3,디지털스토리텔링실습,3,대중예술콘텐츠창작실습,3,
4,XR입출력기술,12,건국대,컴퓨터공학과,원호,201911205,3,고급컴퓨터그래픽스,3,풀스택서비스네트워킹,3,가상현실,3,디지털영상처리,3,XR기술PBL,3,
4,XR콘텐츠디자인,9,건국대,컴퓨터공학과,원호,201911205,3,가상현실(360VR)영상제작,3,이머시브전시디자인,3,XR콘텐츠디자인워크숍,3,
1,K-Culture콘텐츠개발실습,9,건국대,컴퓨터공학과,유관순,201911205,3,K-콘텐츠(한류)의이해,3,디지털스토리텔링실습,3,대중예술콘텐츠창작실습,3,
4,XR입출력기술,12,건국대,컴퓨터공학과,유관순,201911205,3,고급컴퓨터그래픽스,3,풀스택서비스네트워킹,3,가상현실,3,디지털영상처리,3,XR기술PBL,3,
4,XR콘텐츠디자인,9,건국대,컴퓨터공학과,유관순,201911205,3,가상현실(360VR)영상제작,3,이머시브전시디자인,3,XR콘텐츠디자인워크숍,3,
1,K-Culture콘텐츠개발실습,9,건국대,컴퓨터공학과,유성원,201911205,3,K-콘텐츠(한류)의이해,3,디지털스토리텔링실습,3,대중예술콘텐츠창작실습,3,
4,XR입출력기술,12,건국대,컴퓨터공학과,유성원,201911205,3,고급컴퓨터그래픽스,3,풀스택서비스네트워킹,3,가상현실,3,디지털영상처리,3,XR기술PBL,3,
4,XR콘텐츠디자인,9,건국대,컴퓨터공학과,유성원,201911205,3,가상현실(360VR)영상제작,3,이머시브전시디자인,3,XR콘텐츠디자인워크숍,3,
1,K-Culture콘텐츠개발실습,9,건국대,컴퓨터공학과,유응부,201911205,3,K-콘텐츠(한류)의이해,3,디지털스토리텔링실습,3,대중예술콘텐츠창작실습,3,
4,XR입출력기술,12,건국대,컴퓨터공학과,유응부,201911205,3,고급컴퓨터그래픽스,3,풀스택서비스네트워킹,3,가상현실,3,디지털영상처리,3,XR기술PBL,3,
4,XR콘텐츠디자인,9,건국대,컴퓨터공학과,유응부,201911205,3,가상현실(360VR)영상제작,3,이머시브전시디자인,3,XR콘텐츠디자인워크숍,3,
1,K-Culture콘텐츠개발실습,9,건국대,컴퓨터공학과,윤동주,201911205,3,K-콘텐츠(한류)의이해,3,디지털스토리텔링실습,3,대중예술콘텐츠창작실습,3,
4,XR입출력기술,12,건국대,컴퓨터공학과,윤동주,201911205,3,고급컴퓨터그래픽스,3,풀스택서비스네트워킹,3,가상현실,3,디지털영상처리,3,XR기술PBL,3,
4,XR콘텐츠디자인,9,건국대,컴퓨터공학과,윤동주,201911205,3,가상현실(360VR)영상제작,3,이머시브전시디자인,3,XR콘텐츠디자인워크숍,3,
1,K-Culture콘텐츠개발실습,9,건국대,컴퓨터공학과,윤집,201911205,3,K-콘텐츠(한류)의이해,3,디지털스토리텔링실습,3,대중예술콘텐츠창작실습,3,
4,XR입출력기술,12,건국대,컴퓨터공학과,윤집,201911205,3,고급컴퓨터그래픽스,3,풀스택서비스네트워킹,3,가상현실,3,디지털영상처리,3,XR기술PBL,3,
4,XR콘텐츠디자인,9,건국대,컴퓨터공학과,윤집,201911205,3,가상현실(360VR)영상제작,3,이머시브전시디자인,3,XR콘텐츠디자인워크숍,3,
1,K-Culture콘텐츠개발실습,9,건국대,컴퓨터공학과,의자왕,201911205,3,K-콘텐츠(한류)의이해,3,디지털스토리텔링실습,3,대중예술콘텐츠창작실습,3,
4,XR입출력기술,12,건국대,컴퓨터공학과,의자왕,201911205,3,고급컴퓨터그래픽스,3,풀스택서비스네트워킹,3,가상현실,3,디지털영상처리,3,XR기술PBL,3,
4,XR콘텐츠디자인,9,건국대,컴퓨터공학과,의자왕,201911205,3,가상현실(360VR)영상제작,3,이머시브전시디자인,3,XR콘텐츠디자인워크숍,3,
1,K-Culture콘텐츠개발실습,9,건국대,컴퓨터공학과,의천,201911205,3,K-콘텐츠(한류)의이해,3,디지털스토리텔링실습,3,대중예술콘텐츠창작실습,3,
4,XR입출력기술,12,건국대,컴퓨터공학과,의천,201911205,3,고급컴퓨터그래픽스,3,풀스택서비스네트워킹,3,가상현실,3,디지털영상처리,3,XR기술PBL,3,
4,XR콘텐츠디자인,9,건국대,컴퓨터공학과,의천,201911205,3,가상현실(360VR)영상제작,3,이머시브전시디자인,3,XR콘텐츠디자인워크숍,3,
1,K-Culture콘텐츠개발실습,9,건국대,컴퓨터공학과,이개,201911205,3,K-콘텐츠(한류)의이해,3,디지털스토리텔링실습,3,대중예술콘텐츠창작실습,3,
4,XR입출력기술,12,건국대,컴퓨터공학과,이개,201911205,3,고급컴퓨터그래픽스,3,풀스택서비스네트워킹,3,가상현실,3,디지털영상처리,3,XR기술PBL,3,
4,XR콘텐츠디자인,9,건국대,컴퓨터공학과,이개,201911205,3,가상현실(360VR)영상제작,3,이머시브전시디자인,3,XR콘텐츠디자인워크숍,3,
1,K-Culture콘텐츠개발실습,9,건국대,컴퓨터공학과,이담지,201911205,3,K-콘텐츠(한류)의이해,3,디지털스토리텔링실습,3,대중예술콘텐츠창작실습,3,
4,XR입출력기술,12,건국대,컴퓨터공학과,이담지,201911205,3,고급컴퓨터그래픽스,3,풀스택서비스네트워킹,3,가상현실,3,디지털영상처리,3,XR기술PBL,3,
4,XR콘텐츠디자인,9,건국대,컴퓨터공학과,이담지,201911205,3,가상현실(360VR)영상제작,3,이머시브전시디자인,3,XR콘텐츠디자인워크숍,3,
1,K-Culture콘텐츠개발실습,9,건국대,컴퓨터공학과,이맹전,201911205,3,K-콘텐츠(한류)의이해,3,디지털스토리텔링실습,3,대중예술콘텐츠창작실습,3,
4,XR입출력기술,12,건국대,컴퓨터공학과,이맹전,201911205,3,고급컴퓨터그래픽스,3,풀스택서비스네트워킹,3,가상현실,3,디지털영상처리,3,XR기술PBL,3,
4,XR콘텐츠디자인,9,건국대,컴퓨터공학과,이맹전,201911205,3,가상현실(360VR)영상제작,3,이머시브전시디자인,3,XR콘텐츠디자인워크숍,3,
1,K-Culture콘텐츠개발실습,9,건국대,컴퓨터공학과,이사부,201911205,3,K-콘텐츠(한류)의이해,3,디지털스토리텔링실습,3,대중예술콘텐츠창작실습,3,
4,XR입출력기술,12,건국대,컴퓨터공학과,이사부,201911205,3,고급컴퓨터그래픽스,3,풀스택서비스네트워킹,3,가상현실,3,디지털영상처리,3,XR기술PBL,3,
4,XR콘텐츠디자인,9,건국대,컴퓨터공학과,이사부,201911205,3,가상현실(360VR)영상제작,3,이머시브전시디자인,3,XR콘텐츠디자인워크숍,3,
1,K-Culture콘텐츠개발실습,9,건국대,컴퓨터공학과,이상,201911205,3,K-콘텐츠(한류)의이해,3,디지털스토리텔링실습,3,대중예술콘텐츠창작실습,3,
4,XR입출력기술,12,건국대,컴퓨터공학과,이상,201911205,3,고급컴퓨터그래픽스,3,풀스택서비스네트워킹,3,가상현실,3,디지털영상처리,3,XR기술PBL,3,
4,XR콘텐츠디자인,9,건국대,컴퓨터공학과,이상,201911205,3,가상현실(360VR)영상제작,3,이머시브전시디자인,3,XR콘텐츠디자인워크숍,3,
1,K-Culture콘텐츠개발실습,9,건국대,컴퓨터공학과,이수일,201911205,3,K-콘텐츠(한류)의이해,3,디지털스토리텔링실습,3,대중예술콘텐츠창작실습,3,
4,XR입출력기술,12,건국대,컴퓨터공학과,이수일,201911205,3,고급컴퓨터그래픽스,3,풀스택서비스네트워킹,3,가상현실,3,디지털영상처리,3,XR기술PBL,3,
4,XR콘텐츠디자인,9,건국대,컴퓨터공학과,이수일,201911205,3,가상현실(360VR)영상제작,3,이머시브전시디자인,3,XR콘텐츠디자인워크숍,3,
1,K-Culture콘텐츠개발실습,9,건국대,컴퓨터공학과,이순신,201911205,3,K-콘텐츠(한류)의이해,3,디지털스토리텔링실습,3,대중예술콘텐츠창작실습,3,
4,XR입출력기술,12,건국대,컴퓨터공학과,이순신,201911205,3,고급컴퓨터그래픽스,3,풀스택서비스네트워킹,3,가상현실,3,디지털영상처리,3,XR기술PBL,3,
4,XR콘텐츠디자인,9,건국대,컴퓨터공학과,이순신,201911205,3,가상현실(360VR)영상제작,3,이머시브전시디자인,3,XR콘텐츠디자인워크숍,3,
1,K-Culture콘텐츠개발실습,9,건국대,컴퓨터공학과,이완용,201911205,3,K-콘텐츠(한류)의이해,3,디지털스토리텔링실습,3,대중예술콘텐츠창작실습,3,
4,XR입출력기술,12,건국대,컴퓨터공학과,이완용,201911205,3,고급컴퓨터그래픽스,3,풀스택서비스네트워킹,3,가상현실,3,디지털영상처리,3,XR기술PBL,3,
4,XR콘텐츠디자인,9,건국대,컴퓨터공학과,이완용,201911205,3,가상현실(360VR)영상제작,3,이머시브전시디자인,3,XR콘텐츠디자인워크숍,3,
1,K-Culture콘텐츠개발실습,9,건국대,컴퓨터공학과,이이,201911205,3,K-콘텐츠(한류)의이해,3,디지털스토리텔링실습,3,대중예술콘텐츠창작실습,3,
4,XR입출력기술,12,건국대,컴퓨터공학과,이이,201911205,3,고급컴퓨터그래픽스,3,풀스택서비스네트워킹,3,가상현실,3,디지털영상처리,3,XR기술PBL,3,
4,XR콘텐츠디자인,9,건국대,컴퓨터공학과,이이,201911205,3,가상현실(360VR)영상제작,3,이머시브전시디자인,3,XR콘텐츠디자인워크숍,3,
1,K-Culture콘텐츠개발실습,9,건국대,컴퓨터공학과,이인로,201911205,3,K-콘텐츠(한류)의이해,3,디지털스토리텔링실습,3,대중예술콘텐츠창작실습,3,
4,XR입출력기술,12,건국대,컴퓨터공학과,이인로,201911205,3,고급컴퓨터그래픽스,3,풀스택서비스네트워킹,3,가상현실,3,디지털영상처리,3,XR기술PBL,3,
4,XR콘텐츠디자인,9,건국대,컴퓨터공학과,이인로,201911205,3,가상현실(360VR)영상제작,3,이머시브전시디자인,3,XR콘텐츠디자인워크숍,3,
1,K-Culture콘텐츠개발실습,9,건국대,컴퓨터공학과,이종무,201911205,3,K-콘텐츠(한류)의이해,3,디지털스토리텔링실습,3,대중예술콘텐츠창작실습,3,
4,XR입출력기술,12,건국대,컴퓨터공학과,이종무,201911205,3,고급컴퓨터그래픽스,3,풀스택서비스네트워킹,3,가상현실,3,디지털영상처리,3,XR기술PBL,3,
4,XR콘텐츠디자인,9,건국대,컴퓨터공학과,이종무,201911205,3,가상현실(360VR)영상제작,3,이머시브전시디자인,3,XR콘텐츠디자인워크숍,3,
1,K-Culture콘텐츠개발실습,9,건국대,컴퓨터공학과,이중섭,201911205,3,K-콘텐츠(한류)의이해,3,디지털스토리텔링실습,3,대중예술콘텐츠창작실습,3,
4,XR입출력기술,12,건국대,컴퓨터공학과,이중섭,201911205,3,고급컴퓨터그래픽스,3,풀스택서비스네트워킹,3,가상현실,3,디지털영상처리,3,XR기술PBL,3,
4,XR콘텐츠디자인,9,건국대,컴퓨터공학과,이중섭,201911205,3,가상현실(360VR)영상제작,3,이머시브전시디자인,3,XR콘텐츠디자인워크숍,3,
1,K-Culture콘텐츠개발실습,9,건국대,컴퓨터공학과,이현령,201911205,3,K-콘텐츠(한류)의이해,3,디지털스토리텔링실습,3,대중예술콘텐츠실무기획,3,
4,XR입출력기술,12,건국대,컴퓨터공학과,이현령,201911205,3,고급컴퓨터그래픽스,3,풀스택서비스네트워킹,3,가상현실,3,디지털영상처리,3,XR기술PBL,3,
4,XR콘텐츠디자인,9,건국대,컴퓨터공학과,이현령,201911205,3,가상현실(360VR)영상제작,3,이머시브전시디자인,3,XR콘텐츠디자인워크숍,3,
1,K-Culture콘텐츠개발실습,9,건국대,컴퓨터공학과,이황,201911205,3,K-콘텐츠(한류)의이해,3,디지털스토리텔링실습,3,대중예술콘텐츠창작실습,3,
4,XR입출력기술,12,건국대,컴퓨터공학과,이황,201911205,3,고급컴퓨터그래픽스,3,풀스택서비스네트워킹,3,가상현실,3,디지털영상처리,3,XR기술PBL,3,
4,XR콘텐츠디자인,9,건국대,컴퓨터공학과,이황,201911205,3,가상현실(360VR)영상제작,3,이머시브전시디자인,3,XR콘텐츠디자인워크숍,3,
1,K-Culture콘텐츠개발실습,9,건국대,컴퓨터공학과,일연,201911205,3,K-콘텐츠(한류)의이해,3,디지털스토리텔링실습,3,대중예술콘텐츠창작실습,3,
4,XR입출력기술,12,건국대,컴퓨터공학과,일연,201911205,3,고급컴퓨터그래픽스,3,풀스택서비스네트워킹,3,가상현실,3,디지털영상처리,3,XR기술PBL,3,
4,XR콘텐츠디자인,9,건국대,컴퓨터공학과,일연,201911205,3,가상현실(360VR)영상제작,3,이머시브전시디자인,3,XR콘텐츠디자인워크숍,3,
1,K-Culture콘텐츠개발실습,9,건국대,컴퓨터공학과,임꺽정,201911205,3,K-콘텐츠(한류)의이해,3,디지털스토리텔링실습,3,대중예술콘텐츠창작실습,3,
4,XR입출력기술,12,건국대,컴퓨터공학과,임꺽정,201911205,3,고급컴퓨터그래픽스,3,풀스택서비스네트워킹,3,가상현실,3,디지털영상처리,3,XR기술PBL,3,
4,XR콘텐츠디자인,9,건국대,컴퓨터공학과,임꺽정,201911205,3,가상현실(360VR)영상제작,3,이머시브전시디자인,3,XR콘텐츠디자인워크숍,3,
1,K-Culture콘텐츠개발실습,9,건국대,컴퓨터공학과,장보고,201911205,3,K-콘텐츠(한류)의이해,3,디지털스토리텔링실습,3,대중예술콘텐츠창작실습,3,
4,XR입출력기술,12,건국대,컴퓨터공학과,장보고,201911205,3,고급컴퓨터그래픽스,3,풀스택서비스네트워킹,3,가상현실,3,디지털영상처리,3,XR기술PBL,3,
4,XR콘텐츠디자인,9,건국대,컴퓨터공학과,장보고,201911205,3,가상현실(360VR)영상제작,3,이머시브전시디자인,3,XR콘텐츠디자인워크숍,3,
1,K-Culture콘텐츠개발실습,9,건국대,컴퓨터공학과,장영실,201911205,3,K-콘텐츠(한류)의이해,3,디지털스토리텔링실습,3,대중예술콘텐츠창작실습,3,
4,XR입출력기술,12,건국대,컴퓨터공학과,장영실,201911205,3,고급컴퓨터그래픽스,3,풀스택서비스네트워킹,3,가상현실,3,디지털영상처리,3,XR기술PBL,3,
4,XR콘텐츠디자인,9,건국대,컴퓨터공학과,장영실,201911205,3,가상현실(360VR)영상제작,3,이머시브전시디자인,3,XR콘텐츠디자인워크숍,3,
1,K-Culture콘텐츠개발실습,9,건국대,컴퓨터공학과,전봉준,201911205,3,K-콘텐츠(한류)의이해,3,디지털스토리텔링실습,3,대중예술콘텐츠창작실습,3,
4,XR입출력기술,12,건국대,컴퓨터공학과,전봉준,201911205,3,고급컴퓨터그래픽스,3,풀스택서비스네트워킹,3,가상현실,3,디지털영상처리,3,XR기술PBL,3,
4,XR콘텐츠디자인,9,건국대,컴퓨터공학과,전봉준,201911205,3,가상현실(360VR)영상제작,3,이머시브전시디자인,3,XR콘텐츠디자인워크숍,3,
1,K-Culture콘텐츠개발실습,9,건국대,컴퓨터공학과,정몽주,201911205,3,K-콘텐츠(한류)의이해,3,디지털스토리텔링실습,3,대중예술콘텐츠창작실습,3,
4,XR입출력기술,12,건국대,컴퓨터공학과,정몽주,201911205,3,고급컴퓨터그래픽스,3,풀스택서비스네트워킹,3,가상현실,3,디지털영상처리,3,XR기술PBL,3,
4,XR콘텐츠디자인,9,건국대,컴퓨터공학과,정몽주,201911205,3,가상현실(360VR)영상제작,3,이머시브전시디자인,3,XR콘텐츠디자인워크숍,3,
1,K-Culture콘텐츠개발실습,9,건국대,컴퓨터공학과,정약용,201911205,3,K-콘텐츠(한류)의이해,3,디지털스토리텔링실습,3,대중예술콘텐츠창작실습,3,
4,XR입출력기술,12,건국대,컴퓨터공학과,정약용,201911205,3,고급컴퓨터그래픽스,3,풀스택서비스네트워킹,3,가상현실,3,디지털영상처리,3,XR기술PBL,3,
4,XR콘텐츠디자인,9,건국대,컴퓨터공학과,정약용,201911205,3,가상현실(360VR)영상제작,3,이머시브전시디자인,3,XR콘텐츠디자인워크숍,3,
1,K-Culture콘텐츠개발실습,9,건국대,컴퓨터공학과,정조,201911205,3,K-콘텐츠(한류)의이해,3,디지털스토리텔링실습,3,대중예술콘텐츠창작실습,3,
4,XR입출력기술,12,건국대,컴퓨터공학과,정조,201911205,3,고급컴퓨터그래픽스,3,풀스택서비스네트워킹,3,가상현실,3,디지털영상처리,3,XR기술PBL,3,
4,XR콘텐츠디자인,9,건국대,컴퓨터공학과,정조,201911205,3,가상현실(360VR)영상제작,3,이머시브전시디자인,3,XR콘텐츠디자인워크숍,3,
1,K-Culture콘텐츠개발실습,9,건국대,컴퓨터공학과,정종,201911205,3,K-콘텐츠(한류)의이해,3,디지털스토리텔링실습,3,대중예술콘텐츠창작실습,3,
4,XR입출력기술,12,건국대,컴퓨터공학과,정종,201911205,3,고급컴퓨터그래픽스,3,풀스택서비스네트워킹,3,가상현실,3,디지털영상처리,3,XR기술PBL,3,
4,XR콘텐츠디자인,9,건국대,컴퓨터공학과,정종,201911205,3,가상현실(360VR)영상제작,3,이머시브전시디자인,3,XR콘텐츠디자인워크숍,3,
1,K-Culture콘텐츠개발실습,9,건국대,컴퓨터공학과,정중부,201911205,3,K-콘텐츠(한류)의이해,3,디지털스토리텔링실습,3,대중예술콘텐츠창작실습,3,
4,XR입출력기술,12,건국대,컴퓨터공학과,정중부,201911205,3,고급컴퓨터그래픽스,3,풀스택서비스네트워킹,3,가상현실,3,디지털영상처리,3,XR기술PBL,3,
4,XR콘텐츠디자인,9,건국대,컴퓨터공학과,정중부,201911205,3,가상현실(360VR)영상제작,3,이머시브전시디자인,3,XR콘텐츠디자인워크숍,3,
1,K-Culture콘텐츠개발실습,9,건국대,컴퓨터공학과,조려,201911205,3,K-콘텐츠(한류)의이해,3,디지털스토리텔링실습,3,대중예술콘텐츠창작실습,3,
4,XR입출력기술,12,건국대,컴퓨터공학과,조려,201911205,3,고급컴퓨터그래픽스,3,풀스택서비스네트워킹,3,가상현실,3,디지털영상처리,3,XR기술PBL,3,
4,XR콘텐츠디자인,9,건국대,컴퓨터공학과,조려,201911205,3,가상현실(360VR)영상제작,3,이머시브전시디자인,3,XR콘텐츠디자인워크숍,3,
1,K-Culture콘텐츠개발실습,9,건국대,컴퓨터공학과,조통,201911205,3,K-콘텐츠(한류)의이해,3,디지털스토리텔링실습,3,대중예술콘텐츠창작실습,3,
4,XR입출력기술,12,건국대,컴퓨터공학과,조통,201911205,3,고급컴퓨터그래픽스,3,풀스택서비스네트워킹,3,가상현실,3,디지털영상처리,3,XR기술PBL,3,
4,XR콘텐츠디자인,9,건국대,컴퓨터공학과,조통,201911205,3,가상현실(360VR)영상제작,3,이머시브전시디자인,3,XR콘텐츠디자인워크숍,3,
1,K-Culture콘텐츠개발실습,9,건국대,컴퓨터공학과,조헌,201911205,3,K-콘텐츠(한류)의이해,3,디지털스토리텔링실습,3,대중예술콘텐츠창작실습,3,
4,XR입출력기술,12,건국대,컴퓨터공학과,조헌,201911205,3,고급컴퓨터그래픽스,3,풀스택서비스네트워킹,3,가상현실,3,디지털영상처리,3,XR기술PBL,3,
4,XR콘텐츠디자인,9,건국대,컴퓨터공학과,조헌,201911205,3,가상현실(360VR)영상제작,3,이머시브전시디자인,3,XR콘텐츠디자인워크숍,3,
1,K-Culture콘텐츠개발실습,9,건국대,컴퓨터공학과,지눌,201911205,3,K-콘텐츠(한류)의이해,3,디지털스토리텔링실습,3,대중예술콘텐츠창작실습,3,
4,XR입출력기술,12,건국대,컴퓨터공학과,지눌,201911205,3,고급컴퓨터그래픽스,3,풀스택서비스네트워킹,3,가상현실,3,디지털영상처리,3,XR기술PBL,3,
4,XR콘텐츠디자인,9,건국대,컴퓨터공학과,지눌,201911205,3,가상현실(360VR)영상제작,3,이머시브전시디자인,3,XR콘텐츠디자인워크숍,3,
1,K-Culture콘텐츠개발실습,9,건국대,컴퓨터공학과,지석영,201911205,3,K-콘텐츠(한류)의이해,3,디지털스토리텔링실습,3,대중예술콘텐츠창작실습,3,
4,XR입출력기술,12,건국대,컴퓨터공학과,지석영,201911205,3,고급컴퓨터그래픽스,3,풀스택서비스네트워킹,3,가상현실,3,디지털영상처리,3,XR기술PBL,3,
4,XR콘텐츠디자인,9,건국대,컴퓨터공학과,지석영,201911205,3,가상현실(360VR)영상제작,3,이머시브전시디자인,3,XR콘텐츠디자인워크숍,3,
1,K-Culture콘텐츠개발실습,9,건국대,컴퓨터공학과,최무선,201911205,3,K-콘텐츠(한류)의이해,3,디지털스토리텔링실습,3,대중예술콘텐츠창작실습,3,
4,XR입출력기술,12,건국대,컴퓨터공학과,최무선,201911205,3,고급컴퓨터그래픽스,3,풀스택서비스네트워킹,3,가상현실,3,디지털영상처리,3,XR기술PBL,3,
4,XR콘텐츠디자인,9,건국대,컴퓨터공학과,최무선,201911205,3,가상현실(360VR)영상제작,3,이머시브전시디자인,3,XR콘텐츠디자인워크숍,3,
1,K-Culture콘텐츠개발실습,9,건국대,컴퓨터공학과,최영,201911205,3,K-콘텐츠(한류)의이해,3,디지털스토리텔링실습,3,대중예술콘텐츠창작실습,3,
4,XR입출력기술,12,건국대,컴퓨터공학과,최영,201911205,3,고급컴퓨터그래픽스,3,풀스택서비스네트워킹,3,가상현실,3,디지털영상처리,3,XR기술PBL,3,
4,XR콘텐츠디자인,9,건국대,컴퓨터공학과,최영,201911205,3,가상현실(360VR)영상제작,3,이머시브전시디자인,3,XR콘텐츠디자인워크숍,3,
1,K-Culture콘텐츠개발실습,9,건국대,컴퓨터공학과,최충,201911205,3,K-콘텐츠(한류)의이해,3,디지털스토리텔링실습,3,대중예술콘텐츠창작실습,3,
4,XR입출력기술,12,건국대,컴퓨터공학과,최충,201911205,3,고급컴퓨터그래픽스,3,풀스택서비스네트워킹,3,가상현실,3,디지털영상처리,3,XR기술PBL,3,
4,XR콘텐츠디자인,9,건국대,컴퓨터공학과,최충,201911205,3,가상현실(360VR)영상제작,3,이머시브전시디자인,3,XR콘텐츠디자인워크숍,3,
1,K-Culture콘텐츠개발실습,9,건국대,컴퓨터공학과,태조,201911205,3,K-콘텐츠(한류)의이해,3,디지털스토리텔링실습,3,대중예술콘텐츠창작실습,3,
4,XR입출력기술,12,건국대,컴퓨터공학과,태조,201911205,3,고급컴퓨터그래픽스,3,풀스택서비스네트워킹,3,가상현실,3,디지털영상처리,3,XR기술PBL,3,
4,XR콘텐츠디자인,9,건국대,컴퓨터공학과,태조,201911205,3,가상현실(360VR)영상제작,3,이머시브전시디자인,3,XR콘텐츠디자인워크숍,3,
1,K-Culture콘텐츠개발실습,9,건국대,컴퓨터공학과,태종,201911205,3,K-콘텐츠(한류)의이해,3,디지털스토리텔링실습,3,대중예술콘텐츠창작실습,3,
4,XR입출력기술,12,건국대,컴퓨터공학과,태종,201911205,3,고급컴퓨터그래픽스,3,풀스택서비스네트워킹,3,가상현실,3,디지털영상처리,3,XR기술PBL,3,
4,XR콘텐츠디자인,9,건국대,컴퓨터공학과,태종,201911205,3,가상현실(360VR)영상제작,3,이머시브전시디자인,3,XR콘텐츠디자인워크숍,3,
1,K-Culture콘텐츠개발실습,9,건국대,컴퓨터공학과,하위지,201911205,3,K-콘텐츠(한류)의이해,3,디지털스토리텔링실습,3,대중예술콘텐츠창작실습,3,
4,XR입출력기술,12,건국대,컴퓨터공학과,하위지,201911205,3,고급컴퓨터그래픽스,3,풀스택서비스네트워킹,3,가상현실,3,디지털영상처리,3,XR기술PBL,3,
4,XR콘텐츠디자인,9,건국대,컴퓨터공학과,하위지,201911205,3,가상현실(360VR)영상제작,3,이머시브전시디자인,3,XR콘텐츠디자인워크숍,3,
1,K-Culture콘텐츠개발실습,9,건국대,컴퓨터공학과,한명회,201911205,3,K-콘텐츠(한류)의이해,3,디지털스토리텔링실습,3,대중예술콘텐츠창작실습,3,
4,XR입출력기술,12,건국대,컴퓨터공학과,한명회,201911205,3,고급컴퓨터그래픽스,3,풀스택서비스네트워킹,3,가상현실,3,디지털영상처리,3,XR기술PBL,3,
4,XR콘텐츠디자인,9,건국대,컴퓨터공학과,한명회,201911205,3,가상현실(360VR)영상제작,3,이머시브전시디자인,3,XR콘텐츠디자인워크숍,3,
1,K-Culture콘텐츠개발실습,9,건국대,컴퓨터공학과,한석봉,201911205,3,K-콘텐츠(한류)의이해,3,디지털스토리텔링실습,3,대중예술콘텐츠창작실습,3,
4,XR입출력기술,12,건국대,컴퓨터공학과,한석봉,201911205,3,고급컴퓨터그래픽스,3,풀스택서비스네트워킹,3,가상현실,3,디지털영상처리,3,XR기술PBL,3,
4,XR콘텐츠디자인,9,건국대,컴퓨터공학과,한석봉,201911205,3,가상현실(360VR)영상제작,3,이머시브전시디자인,3,XR콘텐츠디자인워크숍,3,
1,K-Culture콘텐츠개발실습,9,건국대,컴퓨터공학과,함순,201911205,3,K-콘텐츠(한류)의이해,3,디지털스토리텔링실습,3,대중예술콘텐츠창작실습,3,
4,XR입출력기술,12,건국대,컴퓨터공학과,함순,201911205,3,고급컴퓨터그래픽스,3,풀스택서비스네트워킹,3,가상현실,3,디지털영상처리,3,XR기술PBL,3,
4,XR콘텐츠디자인,9,건국대,컴퓨터공학과,함순,201911205,3,가상현실(360VR)영상제작,3,이머시브전시디자인,3,XR콘텐츠디자인워크숍,3,
1,K-Culture콘텐츠개발실습,9,건국대,컴퓨터공학과,혁거세,201911205,3,K-콘텐츠(한류)의이해,3,디지털스토리텔링실습,3,대중예술콘텐츠창작실습,3,
4,XR입출력기술,12,건국대,컴퓨터공학과,혁거세,201911205,3,고급컴퓨터그래픽스,3,풀스택서비스네트워킹,3,가상현실,3,디지털영상처리,3,XR기술PBL,3,
4,XR콘텐츠디자인,9,건국대,컴퓨터공학과,혁거세,201911205,3,가상현실(360VR)영상제작,3,이머시브전시디자인,3,XR콘텐츠디자인워크숍,3,
1,K-Culture콘텐츠개발실습,9,건국대,컴퓨터공학과,혜초,201911205,3,K-콘텐츠(한류)의이해,3,디지털스토리텔링실습,3,대중예술콘텐츠창작실습,3,
4,XR입출력기술,12,건국대,컴퓨터공학과,혜초,201911205,3,고급컴퓨터그래픽스,3,풀스택서비스네트워킹,3,가상현실,3,디지털영상처리,3,XR기술PBL,3,
4,XR콘텐츠디자인,9,건국대,컴퓨터공학과,혜초,201911205,3,가상현실(360VR)영상제작,3,이머시브전시디자인,3,XR콘텐츠디자인워크숍,3,
1,K-Culture콘텐츠개발실습,9,건국대,컴퓨터공학과,홍경래,201911205,3,K-콘텐츠(한류)의이해,3,디지털스토리텔링실습,3,대중예술콘텐츠창작실습,3,
4,XR입출력기술,12,건국대,컴퓨터공학과,홍경래,201911205,3,고급컴퓨터그래픽스,3,풀스택서비스네트워킹,3,가상현실,3,디지털영상처리,3,XR기술PBL,3,
4,XR콘텐츠디자인,9,건국대,컴퓨터공학과,홍경래,201911205,3,가상현실(360VR)영상제작,3,이머시브전시디자인,3,XR콘텐츠디자인워크숍,3,
1,K-Culture콘텐츠개발실습,9,건국대,컴퓨터공학과,홍길동,201911205,3,K-콘텐츠(한류)의이해,3,디지털스토리텔링실습,3,대중예술콘텐츠창작실습,3,
4,XR입출력기술,12,건국대,컴퓨터공학과,홍길동,201911205,3,고급컴퓨터그래픽스,3,풀스택서비스네트워킹,3,가상현실,3,디지털영상처리,3,XR기술PBL,3,
4,XR콘텐츠디자인,9,건국대,컴퓨터공학과,홍길동,201911205,3,가상현실(360VR)영상제작,3,이머시브전시디자인,3,XR콘텐츠디자인워크숍,3,
1,K-Culture콘텐츠개발실습,9,건국대,컴퓨터공학과,홍익한,201911205,3,K-콘텐츠(한류)의이해,3,디지털스토리텔링실습,3,대중예술콘텐츠창작실습,3,
4,XR입출력기술,12,건국대,컴퓨터공학과,홍익한,201911205,3,고급컴퓨터그래픽스,3,풀스택서비스네트워킹,3,가상현실,3,디지털영상처리,3,XR기술PBL,3,
4,XR콘텐츠디자인,9,건국대,컴퓨터공학과,홍익한,201911205,3,가상현실(360VR)영상제작,3,이머시브전시디자인,3,XR콘텐츠디자인워크숍,3,
1,K-Culture콘텐츠개발실습,9,건국대,컴퓨터공학과,황보항,201911205,3,K-콘텐츠(한류)의이해,3,디지털스토리텔링실습,3,대중예술콘텐츠창작실습,3,
4,XR입출력기술,12,건국대,컴퓨터공학과,황보항,201911205,3,고급컴퓨터그래픽스,3,풀스택서비스네트워킹,3,가상현실,3,디지털영상처리,3,XR기술PBL,3,
4,XR콘텐츠디자인,9,건국대,컴퓨터공학과,황보항,201911205,3,가상현실(360VR)영상제작,3,이머시브전시디자인,3,XR콘텐츠디자인워크숍,3,
1,K-Culture콘텐츠개발실습,9,건국대,컴퓨터공학과,황진이,201911205,3,K-콘텐츠(한류)의이해,3,디지털스토리텔링실습,3,대중예술콘텐츠창작실습,3,
4,XR입출력기술,12,건국대,컴퓨터공학과,황진이,201911205,3,고급컴퓨터그래픽스,3,풀스택서비스네트워킹,3,가상현실,3,디지털영상처리,3,XR기술PBL,3,
4,XR콘텐츠디자인,9,건국대,컴퓨터공학과,황진이,201911205,3,가상현실(360VR)영상제작,3,이머시브전시디자인,3,XR콘텐츠디자인워크숍,3,
1,K-Culture콘텐츠개발실습,9,건국대,컴퓨터공학과,황희,201911205,3,K-콘텐츠(한류)의이해,3,디지털스토리텔링실습,3,대중예술콘텐츠창작실습,3,
4,XR입출력기술,12,건국대,컴퓨터공학과,황희,201911205,3,고급컴퓨터그래픽스,3,풀스택서비스네트워킹,3,가상현실,3,디지털영상처리,3,XR기술PBL,3,
4,XR콘텐츠디자인,9,건국대,컴퓨터공학과,황희,201911205,3,가상현실(360VR)영상제작,3,이머시브전시디자인,3,XR콘텐츠디자인워크숍,3,
